Bank,Account_Name,Account_Type,Opening_Charges,Minimum_Balance_Metro,Annual_Maintenance_Fee,Debit_Card_Annual_Fee,ATM_Limit_Per_Day,UPI_Limit_Per_Day,IMPS_Limit_Per_Day,NEFT_Limit_Per_Day,RTGS_Limit_Per_Day,Cash_Deposit_Limit_Free,Cash_Withdrawal_Charges,POS_Debit_Card_Limit,Digital_Banking,Mobile_Banking,Net_Banking,Effective_Date,Last_Updated,Source_URL
State Bank of India,SBI Regular Savings Account,Regular Savings,0,0,0,125 + GST,40000,100000,500000,No Limit Online,No Limit (Min 2 Lakh),3 free deposits/month,Rs 50 + GST beyond free,75000,Yes,Yes,Yes,2024-04-01,September 2024,https://sbi.co.in/web/personal-banking/accounts/saving-account
State Bank of India,SBI Insta Plus Video KYC Account,Digital Savings,0,0,0,125 + GST,40000,100000,500000,No Limit Online,No Limit (Min 2 Lakh),3 free deposits/month,Rs 50 + GST beyond free,75000,Yes,Yes,Yes,2024-04-01,September 2024,https://sbi.co.in/web/personal-banking/accounts/saving-account/insta-plus-video-kyc-savings-account
State Bank of India,SBI Corporate Salary Package (CSP),Salary Account,0,0,0,0,100000,100000,500000,No Limit Online,No Limit (Min 2 Lakh),Unlimited at home branch,Nil at any SBI branch,200000,Yes,Yes,Yes,2024-04-01,September 2024,https://sbi.co.in/web/salary-accounts/corporate-salary-package
HDFC Bank,HDFC Regular Savings Account,Regular Savings,0,10000,0,200 + GST,25000,100000,500000,No Limit Online,No Limit (Min 2 Lakh),Rs 2 Lakh or 4 txns/month,Rs 150/txn beyond limit,275000,Yes,Yes,Yes,2024-04-01,September 2024,https://www.hdfcbank.com/personal/save/accounts/savings-accounts/regular-savings-account
HDFC Bank,HDFC DigiSave Youth Account,Student Account,0,5000,0,150 + GST,25000,100000,500000,No Limit Online,No Limit (Min 2 Lakh),Rs 1 Lakh or 4 txns/month,Rs 150/txn beyond limit,100000,Yes,Yes,Yes,2024-04-01,September 2024,https://www.hdfcbank.com/personal/save/accounts/savings-accounts/digisave-youth-account
HDFC Bank,HDFC Senior Citizens Account,Senior Citizen Account,0,5000,0,0 (First year free),50000,100000,500000,No Limit Online,No Limit (Min 2 Lakh),Rs 2 Lakh or 4 txns/month,Rs 150/txn beyond limit,275000,Yes,Yes,Yes,2024-04-01,September 2024,https://www.hdfcbank.com/personal/save/accounts/savings-accounts/senior-citizens-account
HDFC Bank,HDFC Corporate Salary Account,Salary Account,0,0,0,0,100000,100000,500000,No Limit Online,No Limit (Min 2 Lakh),Rs 3 Lakh or 4 txns/month,Nil across all branches,350000,Yes,Yes,Yes,2024-04-01,September 2024,https://www.hdfcbank.com/personal/save/accounts/salary-accounts
ICICI Bank,ICICI Regular Savings Account,Regular Savings,0,10000,0,200 + GST,50000,100000,500000,No Limit Online,No Limit (Min 2 Lakh),Rs 1 Lakh or 3 txns/month,Rs 150/txn beyond limit,300000,Yes,Yes,Yes,2024-04-01,September 2024,https://www.icicibank.com/personal-banking/accounts/savings-account
ICICI Bank,ICICI Mine Digital Savings Account,Digital Savings,0,0,0,150 + GST,50000,100000,500000,No Limit Online,No Limit (Min 2 Lakh),Rs 1 Lakh/month,Rs 150/txn beyond limit,100000,Yes,Yes,Yes,2024-04-01,September 2024,https://www.icicibank.com/personal-banking/accounts/savings-account/mine-savings-account
ICICI Bank,ICICI Senior Citizen Savings Account,Senior Citizen Account,0,5000,0,0 (Waived),50000,100000,500000,No Limit Online,No Limit (Min 2 Lakh),Rs 2 Lakh or 4 txns/month,Rs 150/txn beyond limit,300000,Yes,Yes,Yes,2024-04-01,September 2024,https://www.icicibank.com/personal-banking/accounts/savings-account/senior-citizens-account
Axis Bank,Axis Easy Access Savings Account,Regular Savings,0,12000,0,250 + GST,50000,100000,500000,No Limit Online,No Limit (Min 2 Lakh),Rs 2 Lakh or 4 txns/month,Rs 150/txn beyond limit,100000,Yes,Yes,Yes,2024-04-01,September 2024,https://www.axisbank.com/retail/accounts/savings-account/easy-access-savings-account
Axis Bank,Axis ASAP Digital Savings Account,Digital Savings,0,0,0,199 + GST,50000,100000,500000,No Limit Online,No Limit (Min 2 Lakh),Rs 1 Lakh or 3 txns/month,Rs 150/txn beyond limit,100000,Yes,Yes,Yes,2024-04-01,September 2024,https://www.axisbank.com/retail/accounts/digital-savings-account
Axis Bank,Axis Corporate Salary Account,Salary Account,0,0,0,0,100000,100000,500000,No Limit Online,No Limit (Min 2 Lakh),Rs 3 Lakh or 5 txns/month,Nil across all branches,300000,Yes,Yes,Yes,2024-04-01,September 2024,https://www.axisbank.com/retail/accounts/salary-account
Kotak Mahindra Bank,Kotak 811 Zero Balance Digital Account,Digital Savings,0,0,0,299 + GST (Virtual Card Free),25000,100000,500000,No Limit Online,No Limit (Min 2 Lakh),1 free deposit/month,Rs 100/txn beyond limit,50000,Yes,Yes,Yes,2024-04-01,September 2024,https://www.kotak.com/en/personal-banking/accounts/savings-account/811-digital-bank-account.html
Kotak Mahindra Bank,Kotak Everyday Savings Account,Regular Savings,0,10000,0,150 + GST,50000,100000,500000,No Limit Online,No Limit (Min 2 Lakh),Rs 2 Lakh or 4 txns/month,Rs 150/txn beyond limit,150000,Yes,Yes,Yes,2024-04-01,September 2024,https://www.kotak.com/en/personal-banking/accounts/savings-account/everyday-savings-account.html
Kotak Mahindra Bank,Kotak Grand Senior Citizen Account,Senior Citizen Account,0,5000,0,0 (First year free),50000,100000,500000,No Limit Online,No Limit (Min 2 Lakh),Rs 2 Lakh or 4 txns/month,Rs 150/txn beyond limit,150000,Yes,Yes,Yes,2024-04-01,September 2024,https://www.kotak.com/en/personal-banking/accounts/savings-account/grand-savings-account.html
Bank of Baroda,BoB Advantage Savings Account,Regular Savings,0,2000,0,150 + GST,25000,100000,500000,No Limit Online,No Limit (Min 2 Lakh),Rs 1 Lakh or 3 txns/month,Rs 100/txn beyond limit,50000,Yes,Yes,Yes,2024-04-01,September 2024,https://www.bankofbaroda.in/personal-banking/accounts/savings-accounts/bob-advantage-savings-account
Bank of Baroda,BoB Salary Advantage Account,Salary Account,0,0,0,0,50000,100000,500000,No Limit Online,No Limit (Min 2 Lakh),Unlimited at base branch,Nil,100000,Yes,Yes,Yes,2024-04-01,September 2024,https://www.bankofbaroda.in/personal-banking/accounts/salary-accounts
Punjab National Bank,PNB Premium Savings Account,Regular Savings,0,2000,0,150 + GST,25000,100000,500000,No Limit Online,No Limit (Min 2 Lakh),Rs 1 Lakh or 3 txns/month,Rs 100/txn beyond limit,60000,Yes,Yes,Yes,2024-04-01,September 2024,https://www.pnbindia.in/savings-fund-accounts.html
Canara Bank,Canara Regular Savings Account,Regular Savings,0,1000,0,150 + GST,25000,100000,500000,No Limit Online,No Limit (Min 2 Lakh),Rs 1 Lakh or 3 txns/month,Rs 50/txn beyond limit,50000,Yes,Yes,Yes,2024-04-01,September 2024,https://canarabank.com/pages/savings-bank-deposit
Union Bank of India,Union Regular Savings Account,Regular Savings,0,1000,0,150 + GST,25000,100000,500000,No Limit Online,No Limit (Min 2 Lakh),Rs 1 Lakh or 3 txns/month,Rs 50/txn beyond limit,50000,Yes,Yes,Yes,2024-04-01,September 2024,https://www.unionbankofindia.co.in/english/savings-bank-account.aspx
