Bank,Product,Tenure_Category,Tenure_Days_Min,Tenure_Days_Max,General_Rate,Senior_Citizen_Rate,Minimum_Deposit,Compounding_Frequency,Premature_Withdrawal_Penalty,Effective_Date,Last_Updated,Source_URL
State Bank of India,SBI Amrit Vrishti (444 Days),1 Year to 2 Years,444,444,7.25,7.75,1000,Quarterly,0.50% to 1.00%,2024-07-15,September 2024,https://sbi.co.in/web/interest-rates/deposit-rates/retail-domestic-term-deposits
State Bank of India,SBI Regular Term Deposit (1 Year to < 2 Years),1 Year to 2 Years,365,729,6.80,7.30,1000,Quarterly,0.50% to 1.00%,2024-06-15,September 2024,https://sbi.co.in/web/interest-rates/deposit-rates/retail-domestic-term-deposits
State Bank of India,SBI Regular Term Deposit (2 Years to < 3 Years),2 Years to 3 Years,730,1094,7.00,7.50,1000,Quarterly,0.50% to 1.00%,2024-06-15,September 2024,https://sbi.co.in/web/interest-rates/deposit-rates/retail-domestic-term-deposits
State Bank of India,SBI Regular Term Deposit (3 Years to < 5 Years),3 Years to 5 Years,1095,1824,6.75,7.25,1000,Quarterly,0.50% to 1.00%,2024-06-15,September 2024,https://sbi.co.in/web/interest-rates/deposit-rates/retail-domestic-term-deposits
State Bank of India,SBI Regular Term Deposit (5 Years to 10 Years),5 Years to 10 Years,1825,3650,6.50,7.50,1000,Quarterly,0.50% to 1.00%,2024-06-15,September 2024,https://sbi.co.in/web/interest-rates/deposit-rates/retail-domestic-term-deposits
HDFC Bank,HDFC Regular Term Deposit (1 Year to < 15 Months),1 Year to 2 Years,365,455,6.60,7.10,5000,Quarterly,1.00%,2024-07-24,September 2024,https://www.hdfcbank.com/personal/resources/rates
HDFC Bank,HDFC Regular Term Deposit (15 Months to < 18 Months),1 Year to 2 Years,456,547,7.10,7.60,5000,Quarterly,1.00%,2024-07-24,September 2024,https://www.hdfcbank.com/personal/resources/rates
HDFC Bank,HDFC Regular Term Deposit (18 Months to < 21 Months),1 Year to 2 Years,548,639,7.25,7.75,5000,Quarterly,1.00%,2024-07-24,September 2024,https://www.hdfcbank.com/personal/resources/rates
HDFC Bank,HDFC Regular Term Deposit (2 Years 11 Months to 35 Months),2 Years to 3 Years,1065,1065,7.35,7.85,5000,Quarterly,1.00%,2024-07-24,September 2024,https://www.hdfcbank.com/personal/resources/rates
HDFC Bank,HDFC Regular Term Deposit (3 Years to 5 Years),3 Years to 5 Years,1096,1825,7.00,7.50,5000,Quarterly,1.00%,2024-07-24,September 2024,https://www.hdfcbank.com/personal/resources/rates
HDFC Bank,HDFC Regular Term Deposit (5 Years to 10 Years),5 Years to 10 Years,1826,3650,7.00,7.75,5000,Quarterly,1.00%,2024-07-24,September 2024,https://www.hdfcbank.com/personal/resources/rates
ICICI Bank,ICICI Fixed Deposit (1 Year to < 15 Months),1 Year to 2 Years,365,455,6.70,7.20,10000,Quarterly,0.50% to 1.00%,2024-08-01,September 2024,https://www.icicibank.com/personal-banking/deposits/fixed-deposit/fd-interest-rates
ICICI Bank,ICICI Fixed Deposit (15 Months to < 18 Months),1 Year to 2 Years,456,547,7.20,7.75,10000,Quarterly,0.50% to 1.00%,2024-08-01,September 2024,https://www.icicibank.com/personal-banking/deposits/fixed-deposit/fd-interest-rates
ICICI Bank,ICICI Fixed Deposit (2 Years to 3 Years),2 Years to 3 Years,730,1094,7.00,7.50,10000,Quarterly,0.50% to 1.00%,2024-08-01,September 2024,https://www.icicibank.com/personal-banking/deposits/fixed-deposit/fd-interest-rates
ICICI Bank,ICICI Fixed Deposit (3 Years to 5 Years),3 Years to 5 Years,1095,1824,7.00,7.50,10000,Quarterly,0.50% to 1.00%,2024-08-01,September 2024,https://www.icicibank.com/personal-banking/deposits/fixed-deposit/fd-interest-rates
ICICI Bank,ICICI Golden Years FD (5 Years to 10 Years),5 Years to 10 Years,1825,3650,6.90,7.50,10000,Quarterly,0.50% to 1.00%,2024-08-01,September 2024,https://www.icicibank.com/personal-banking/deposits/fixed-deposit/fd-interest-rates
Axis Bank,Axis Fixed Deposit (1 Year to < 15 Months),1 Year to 2 Years,365,455,6.70,7.20,5000,Quarterly,1.00%,2024-07-01,September 2024,https://www.axisbank.com/retail/deposits/fixed-deposit/fixed-deposit-interest-rate
Axis Bank,Axis Fixed Deposit (15 Months to < 2 Years),1 Year to 2 Years,456,729,7.10,7.60,5000,Quarterly,1.00%,2024-07-01,September 2024,https://www.axisbank.com/retail/deposits/fixed-deposit/fixed-deposit-interest-rate
Axis Bank,Axis Fixed Deposit (2 Years to < 30 Months),2 Years to 3 Years,730,912,7.20,7.70,5000,Quarterly,1.00%,2024-07-01,September 2024,https://www.axisbank.com/retail/deposits/fixed-deposit/fixed-deposit-interest-rate
Axis Bank,Axis Fixed Deposit (3 Years to 5 Years),3 Years to 5 Years,1095,1824,7.10,7.60,5000,Quarterly,1.00%,2024-07-01,September 2024,https://www.axisbank.com/retail/deposits/fixed-deposit/fixed-deposit-interest-rate
Axis Bank,Axis Fixed Deposit (5 Years to 10 Years),5 Years to 10 Years,1825,3650,7.00,7.75,5000,Quarterly,1.00%,2024-07-01,September 2024,https://www.axisbank.com/retail/deposits/fixed-deposit/fixed-deposit-interest-rate
Kotak Mahindra Bank,Kotak Fixed Deposit (390 Days),1 Year to 2 Years,390,390,7.40,7.90,5000,Quarterly,0.50% to 1.00%,2024-06-14,September 2024,https://www.kotak.com/en/personal-banking/deposits/fixed-deposit/fixed-deposit-interest-rate.html
Kotak Mahindra Bank,Kotak Fixed Deposit (1 Year to < 2 Years),1 Year to 2 Years,365,729,7.10,7.60,5000,Quarterly,0.50% to 1.00%,2024-06-14,September 2024,https://www.kotak.com/en/personal-banking/deposits/fixed-deposit/fixed-deposit-interest-rate.html
Kotak Mahindra Bank,Kotak Fixed Deposit (2 Years to < 3 Years),2 Years to 3 Years,730,1094,7.15,7.65,5000,Quarterly,0.50% to 1.00%,2024-06-14,September 2024,https://www.kotak.com/en/personal-banking/deposits/fixed-deposit/fixed-deposit-interest-rate.html
Kotak Mahindra Bank,Kotak Fixed Deposit (3 Years to < 5 Years),3 Years to 5 Years,1095,1824,7.00,7.50,5000,Quarterly,0.50% to 1.00%,2024-06-14,September 2024,https://www.kotak.com/en/personal-banking/deposits/fixed-deposit/fixed-deposit-interest-rate.html
Kotak Mahindra Bank,Kotak Fixed Deposit (5 Years to 10 Years),5 Years to 10 Years,1825,3650,6.20,6.70,5000,Quarterly,0.50% to 1.00%,2024-06-14,September 2024,https://www.kotak.com/en/personal-banking/deposits/fixed-deposit/fixed-deposit-interest-rate.html
Bank of Baroda,BoB Baroda Tiranga Plus (399 Days),1 Year to 2 Years,399,399,7.15,7.65,1000,Quarterly,1.00%,2024-07-05,September 2024,https://www.bankofbaroda.in/interest-rate-and-service-charges/deposit-interest-rates
Bank of Baroda,BoB Term Deposit (1 Year),1 Year to 2 Years,365,365,6.85,7.35,1000,Quarterly,1.00%,2024-07-05,September 2024,https://www.bankofbaroda.in/interest-rate-and-service-charges/deposit-interest-rates
Bank of Baroda,BoB Term Deposit (Above 1 Year to 2 Years),1 Year to 2 Years,366,730,6.85,7.35,1000,Quarterly,1.00%,2024-07-05,September 2024,https://www.bankofbaroda.in/interest-rate-and-service-charges/deposit-interest-rates
Bank of Baroda,BoB Term Deposit (Above 2 Years to 3 Years),2 Years to 3 Years,731,1095,7.15,7.65,1000,Quarterly,1.00%,2024-07-05,September 2024,https://www.bankofbaroda.in/interest-rate-and-service-charges/deposit-interest-rates
Bank of Baroda,BoB Term Deposit (Above 3 Years to 5 Years),3 Years to 5 Years,1096,1825,6.50,7.15,1000,Quarterly,1.00%,2024-07-05,September 2024,https://www.bankofbaroda.in/interest-rate-and-service-charges/deposit-interest-rates
Bank of Baroda,BoB Term Deposit (Above 5 Years to 10 Years),5 Years to 10 Years,1826,3650,6.50,7.50,1000,Quarterly,1.00%,2024-07-05,September 2024,https://www.bankofbaroda.in/interest-rate-and-service-charges/deposit-interest-rates
Punjab National Bank,PNB Uttam FD (400 Days),1 Year to 2 Years,400,400,7.25,7.75,1000,Quarterly,1.00%,2024-08-01,September 2024,https://www.pnbindia.in/deposit-rates.html
Punjab National Bank,PNB Term Deposit (1 Year),1 Year to 2 Years,365,365,6.75,7.25,1000,Quarterly,1.00%,2024-08-01,September 2024,https://www.pnbindia.in/deposit-rates.html
Punjab National Bank,PNB Term Deposit (Above 1 Year to 2 Years),1 Year to 2 Years,366,730,6.80,7.30,1000,Quarterly,1.00%,2024-08-01,September 2024,https://www.pnbindia.in/deposit-rates.html
Punjab National Bank,PNB Term Deposit (Above 2 Years to 3 Years),2 Years to 3 Years,731,1095,7.00,7.50,1000,Quarterly,1.00%,2024-08-01,September 2024,https://www.pnbindia.in/deposit-rates.html
Punjab National Bank,PNB Term Deposit (Above 3 Years to 5 Years),3 Years to 5 Years,1096,1825,6.50,7.00,1000,Quarterly,1.00%,2024-08-01,September 2024,https://www.pnbindia.in/deposit-rates.html
Punjab National Bank,PNB Term Deposit (Above 5 Years to 10 Years),5 Years to 10 Years,1826,3650,6.50,7.30,1000,Quarterly,1.00%,2024-08-01,September 2024,https://www.pnbindia.in/deposit-rates.html
Canara Bank,Canara Bank Special FD (444 Days),1 Year to 2 Years,444,444,7.25,7.75,1000,Quarterly,1.00%,2024-06-11,September 2024,https://canarabank.com/interest-rates-deposit
Canara Bank,Canara Regular FD (1 Year to < 2 Years),1 Year to 2 Years,365,729,6.85,7.35,1000,Quarterly,1.00%,2024-06-11,September 2024,https://canarabank.com/interest-rates-deposit
Canara Bank,Canara Regular FD (2 Years to < 3 Years),2 Years to 3 Years,730,1094,6.85,7.35,1000,Quarterly,1.00%,2024-06-11,September 2024,https://canarabank.com/interest-rates-deposit
Canara Bank,Canara Regular FD (3 Years to < 5 Years),3 Years to 5 Years,1095,1824,6.80,7.30,1000,Quarterly,1.00%,2024-06-11,September 2024,https://canarabank.com/interest-rates-deposit
Canara Bank,Canara Regular FD (5 Years to 10 Years),5 Years to 10 Years,1825,3650,6.70,7.20,1000,Quarterly,1.00%,2024-06-11,September 2024,https://canarabank.com/interest-rates-deposit
Union Bank of India,Union Bank Special Term Deposit (333 Days),Under 1 Year,333,333,7.40,7.90,1000,Quarterly,1.00%,2024-08-02,September 2024,https://www.unionbankofindia.co.in/english/interest-rates.aspx
Union Bank of India,Union Bank Term Deposit (1 Year to 2 Years),1 Year to 2 Years,365,730,6.75,7.25,1000,Quarterly,1.00%,2024-08-02,September 2024,https://www.unionbankofindia.co.in/english/interest-rates.aspx
Union Bank of India,Union Bank Term Deposit (Above 2 Years to 3 Years),2 Years to 3 Years,731,1095,6.70,7.20,1000,Quarterly,1.00%,2024-08-02,September 2024,https://www.unionbankofindia.co.in/english/interest-rates.aspx
Union Bank of India,Union Bank Term Deposit (Above 3 Years to 5 Years),3 Years to 5 Years,1096,1825,6.50,7.00,1000,Quarterly,1.00%,2024-08-02,September 2024,https://www.unionbankofindia.co.in/english/interest-rates.aspx
Union Bank of India,Union Bank Term Deposit (Above 5 Years to 10 Years),5 Years to 10 Years,1826,3650,6.50,7.00,1000,Quarterly,1.00%,2024-08-02,September 2024,https://www.unionbankofindia.co.in/english/interest-rates.aspx
