Bank,Product,Balance_Slab,Interest_Rate,Interest_Calculation_Basis,Credit_Frequency,Minimum_Balance_Metro,Minimum_Balance_Rural,Non_Maintenance_Charge,Effective_Date,Last_Updated,Source_URL
State Bank of India,SBI Regular Savings Account,Up to Rs 10 Crore,2.70,Daily Product,Quarterly,0,0,Zero (Waived),2020-05-31,September 2024,https://sbi.co.in/web/interest-rates/savings-bank-deposits
State Bank of India,SBI Regular Savings Account,Above Rs 10 Crore,3.00,Daily Product,Quarterly,0,0,Zero (Waived),2020-05-31,September 2024,https://sbi.co.in/web/interest-rates/savings-bank-deposits
HDFC Bank,HDFC Regular Savings Account,Up to Rs 50 Lakh,3.00,Daily Product,Quarterly,10000,2500,Rs 150 to Rs 600/month,2022-04-06,September 2024,https://www.hdfcbank.com/personal/resources/rates
HDFC Bank,HDFC Regular Savings Account,Above Rs 50 Lakh,3.50,Daily Product,Quarterly,10000,2500,Rs 150 to Rs 600/month,2022-04-06,September 2024,https://www.hdfcbank.com/personal/resources/rates
ICICI Bank,ICICI Regular Savings Account,Up to Rs 50 Lakh,3.00,Daily Product,Quarterly,10000,2000,6% of shortfall or Rs 500,2020-06-04,September 2024,https://www.icicibank.com/personal-banking/deposits/savings-account/savings-account-interest-rate
ICICI Bank,ICICI Regular Savings Account,Above Rs 50 Lakh,3.50,Daily Product,Quarterly,10000,2000,6% of shortfall or Rs 500,2020-06-04,September 2024,https://www.icicibank.com/personal-banking/deposits/savings-account/savings-account-interest-rate
Axis Bank,Axis Easy Access Savings Account,Up to Rs 50 Lakh,3.00,Daily Product,Quarterly,12000,2500,Rs 10 per Rs 100 shortfall (max Rs 600),2022-06-01,September 2024,https://www.axisbank.com/retail/accounts/savings-account/savings-account-interest-rate
Axis Bank,Axis Easy Access Savings Account,Rs 50 Lakh to Rs 10 Crore,3.50,Daily Product,Quarterly,12000,2500,Rs 10 per Rs 100 shortfall (max Rs 600),2022-06-01,September 2024,https://www.axisbank.com/retail/accounts/savings-account/savings-account-interest-rate
Axis Bank,Axis Easy Access Savings Account,Above Rs 10 Crore,4.00,Daily Product,Quarterly,12000,2500,Rs 10 per Rs 100 shortfall (max Rs 600),2022-06-01,September 2024,https://www.axisbank.com/retail/accounts/savings-account/savings-account-interest-rate
Kotak Mahindra Bank,Kotak Everyday Savings Account,Up to Rs 5 Lakh,3.50,Daily Product,Quarterly,10000,2000,6% of shortfall,2024-05-01,September 2024,https://www.kotak.com/en/personal-banking/accounts/savings-account/savings-account-interest-rate.html
Kotak Mahindra Bank,Kotak Everyday Savings Account,Above Rs 5 Lakh to Rs 50 Lakh,4.00,Daily Product,Quarterly,10000,2000,6% of shortfall,2024-05-01,September 2024,https://www.kotak.com/en/personal-banking/accounts/savings-account/savings-account-interest-rate.html
Kotak Mahindra Bank,Kotak 811 Digital Account,Up to Rs 5 Lakh,3.50,Daily Product,Quarterly,0,0,Zero,2024-05-01,September 2024,https://www.kotak.com/en/personal-banking/accounts/savings-account/811-digital-bank-account.html
Bank of Baroda,BoB Advantage Savings Account,Up to Rs 1 Lakh,2.75,Daily Product,Quarterly,2000,500,Rs 100 to Rs 200/quarter,2023-01-01,September 2024,https://www.bankofbaroda.in/interest-rate-and-service-charges/deposit-interest-rates
Bank of Baroda,BoB Advantage Savings Account,Above Rs 1 Lakh to Rs 100 Crore,2.75,Daily Product,Quarterly,2000,500,Rs 100 to Rs 200/quarter,2023-01-01,September 2024,https://www.bankofbaroda.in/interest-rate-and-service-charges/deposit-interest-rates
Bank of Baroda,BoB Advantage Savings Account,Above Rs 100 Crore,3.35,Daily Product,Quarterly,2000,500,Rs 100 to Rs 200/quarter,2023-01-01,September 2024,https://www.bankofbaroda.in/interest-rate-and-service-charges/deposit-interest-rates
Punjab National Bank,PNB Premium Savings Account,Up to Rs 10 Lakh,2.70,Daily Product,Quarterly,2000,500,Rs 100 to Rs 250/quarter,2024-01-01,September 2024,https://www.pnbindia.in/deposit-rates.html
Punjab National Bank,PNB Premium Savings Account,Above Rs 10 Lakh to Rs 100 Crore,2.75,Daily Product,Quarterly,2000,500,Rs 100 to Rs 250/quarter,2024-01-01,September 2024,https://www.pnbindia.in/deposit-rates.html
Punjab National Bank,PNB Premium Savings Account,Above Rs 100 Crore,3.00,Daily Product,Quarterly,2000,500,Rs 100 to Rs 250/quarter,2024-01-01,September 2024,https://www.pnbindia.in/deposit-rates.html
Canara Bank,Canara Basic Savings Deposit Account,Up to Rs 200 Crore,2.90,Daily Product,Quarterly,1000,500,Rs 30 to Rs 80/month,2024-02-12,September 2024,https://canarabank.com/interest-rates-deposit
Canara Bank,Canara Basic Savings Deposit Account,Above Rs 200 Crore,3.25,Daily Product,Quarterly,1000,500,Rs 30 to Rs 80/month,2024-02-12,September 2024,https://canarabank.com/interest-rates-deposit
Union Bank of India,Union Regular Savings Account,Up to Rs 50 Lakh,2.75,Daily Product,Quarterly,1000,250,Rs 50 to Rs 100/quarter,2024-01-01,September 2024,https://www.unionbankofindia.co.in/english/interest-rates.aspx
Union Bank of India,Union Regular Savings Account,Above Rs 50 Lakh to Rs 100 Crore,2.90,Daily Product,Quarterly,1000,250,Rs 50 to Rs 100/quarter,2024-01-01,September 2024,https://www.unionbankofindia.co.in/english/interest-rates.aspx
Union Bank of India,Union Regular Savings Account,Above Rs 100 Crore,3.10,Daily Product,Quarterly,1000,250,Rs 50 to Rs 100/quarter,2024-01-01,September 2024,https://www.unionbankofindia.co.in/english/interest-rates.aspx
